Image URL,Alt Text
https://i.pinimg.com/280x280_RS/ae/34/eb/ae34eb4c040a42f7be1f6822aa3288da.jpg,User Avatar
https://i.pinimg.com/550x/a7/f1/78/a7f1789cf7c1f8ed67e6a22cfcc5dd38.jpg,
https://i.pinimg.com/170x/f9/c9/87/f9c98788c06cdf7f63c1b84bacdc8fa5.jpg,
https://i.pinimg.com/170x/98/cb/28/98cb28134889b5125b8d7b67997b37ed.jpg,
https://i.pinimg.com/550x/ec/f9/b3/ecf9b3d10c06ecccbfc3cb19f3c0e49c.jpg,
https://i.pinimg.com/170x/16/fb/94/16fb94aae24cf58dd0c7d0281cc78f55.jpg,
https://i.pinimg.com/170x/40/75/8e/40758e2928b179aec8ba8721be0ea1bf.jpg,
https://i.pinimg.com/550x/4e/7d/b0/4e7db0cf0409a53dbc5048682c497493.jpg,
https://i.pinimg.com/170x/4b/be/76/4bbe76fbde91fd4dbdb86b8cf01a6f8d.jpg,
https://i.pinimg.com/170x/51/d4/f2/51d4f25594f424983b5b61de30e16c64.jpg,
